{
    "name": "root",
    "gauges": {
        "MyBehavior.Policy.Entropy.mean": {
            "value": 1.42853581905365,
            "min": 1.4206225872039795,
            "max": 1.42853581905365,
            "count": 4
        },
        "MyBehavior.Policy.Entropy.sum": {
            "value": 74055.296875,
            "min": 68796.578125,
            "max": 74055.296875,
            "count": 4
        },
        "MyBehavior.Step.mean": {
            "value": 199950.0,
            "min": 49950.0,
            "max": 199950.0,
            "count": 4
        },
        "MyBehavior.Step.sum": {
            "value": 199950.0,
            "min": 49950.0,
            "max": 199950.0,
            "count": 4
        },
        "MyBehavior.Policy.ExtrinsicValueEstimate.mean": {
            "value": 2.1693952083587646,
            "min": -0.6772531270980835,
            "max": 2.1693952083587646,
            "count": 4
        },
        "MyBehavior.Policy.ExtrinsicValueEstimate.sum": {
            "value": 2156.37890625,
            "min": -670.4805908203125,
            "max": 2156.37890625,
            "count": 4
        },
        "MyBehavior.Environment.EpisodeLength.mean": {
            "value": 199.0,
            "min": 199.0,
            "max": 199.125,
            "count": 4
        },
        "MyBehavior.Environment.EpisodeLength.sum": {
            "value": 47760.0,
            "min": 47760.0,
            "max": 53730.0,
            "count": 4
        },
        "MyBehavior.Environment.CumulativeReward.mean": {
            "value": 7.921808107954557,
            "min": -5.096803484484553,
            "max": 7.921808107954557,
            "count": 4
        },
        "MyBehavior.Environment.CumulativeReward.sum": {
            "value": 1932.9211783409119,
            "min": -1223.2328362762928,
            "max": 1932.9211783409119,
            "count": 4
        },
        "MyBehavior.Policy.ExtrinsicReward.mean": {
            "value": 7.921808107954557,
            "min": -5.096803484484553,
            "max": 7.921808107954557,
            "count": 4
        },
        "MyBehavior.Policy.ExtrinsicReward.sum": {
            "value": 1932.9211783409119,
            "min": -1223.2328362762928,
            "max": 1932.9211783409119,
            "count": 4
        },
        "MyBehavior.Losses.PolicyLoss.mean": {
            "value": 0.02057510485687861,
            "min": 0.02057510485687861,
            "max": 0.025600417498494746,
            "count": 4
        },
        "MyBehavior.Losses.PolicyLoss.sum": {
            "value": 0.08230041942751444,
            "min": 0.08230041942751444,
            "max": 0.10240166999397898,
            "count": 4
        },
        "MyBehavior.Losses.ValueLoss.mean": {
            "value": 0.3118650701009866,
            "min": 0.25718028832114104,
            "max": 0.4981810466358156,
            "count": 4
        },
        "MyBehavior.Losses.ValueLoss.sum": {
            "value": 1.2474602804039463,
            "min": 1.0287211532845641,
            "max": 1.9927241865432623,
            "count": 4
        },
        "MyBehavior.Policy.LearningRate.mean": {
            "value": 0.00019572603475800002,
            "min": 0.00019572603475800002,
            "max": 0.00028212600595799994,
            "count": 4
        },
        "MyBehavior.Policy.LearningRate.sum": {
            "value": 0.0007829041390320001,
            "min": 0.0007829041390320001,
            "max": 0.0011285040238319998,
            "count": 4
        },
        "MyBehavior.Policy.Epsilon.mean": {
            "value": 0.165242,
            "min": 0.165242,
            "max": 0.194042,
            "count": 4
        },
        "MyBehavior.Policy.Epsilon.sum": {
            "value": 0.660968,
            "min": 0.660968,
            "max": 0.776168,
            "count": 4
        },
        "MyBehavior.Policy.Beta.mean": {
            "value": 0.0032655758000000004,
            "min": 0.0032655758000000004,
            "max": 0.0047026958,
            "count": 4
        },
        "MyBehavior.Policy.Beta.sum": {
            "value": 0.013062303200000002,
            "min": 0.013062303200000002,
            "max": 0.0188107832,
            "count": 4
        },
        "MyBehavior.IsTraining.mean": {
            "value": 1.0,
            "min": 1.0,
            "max": 1.0,
            "count": 4
        },
        "MyBehavior.IsTraining.sum": {
            "value": 1.0,
            "min": 1.0,
            "max": 1.0,
            "count": 4
        }
    },
    "metadata": {
        "timer_format_version": "0.1.0",
        "start_time_seconds": "1710169349",
        "python_version": "3.9.13 (tags/v3.9.13:6de2ca5, May 17 2022, 16:36:42) [MSC v.1929 64 bit (AMD64)]",
        "command_line_arguments": "D:\\project\\unity\\Auto-Acation-AI-RPG-Game\\venv\\Scripts\\mlagents-learn --run-id=walk13",
        "mlagents_version": "0.30.0",
        "mlagents_envs_version": "0.30.0",
        "communication_protocol_version": "1.5.0",
        "pytorch_version": "2.2.1+cu118",
        "numpy_version": "1.21.2",
        "end_time_seconds": "1710169595"
    },
    "total": 246.0185237,
    "count": 1,
    "self": 0.004762800000008838,
    "children": {
        "run_training.setup": {
            "total": 0.026375899999999675,
            "count": 1,
            "self": 0.026375899999999675
        },
        "TrainerController.start_learning": {
            "total": 245.987385,
            "count": 1,
            "self": 0.12192990000013992,
            "children": {
                "TrainerController._reset_env": {
                    "total": 5.2027711,
                    "count": 1,
                    "self": 5.2027711
                },
                "TrainerController.advance": {
                    "total": 240.56551899999982,
                    "count": 7277,
                    "self": 0.15912870000073553,
                    "children": {
                        "env_step": {
                            "total": 198.5275751999996,
                            "count": 7277,
                            "self": 172.1517709999988,
                            "children": {
                                "SubprocessEnvManager._take_step": {
                                    "total": 26.28631520000051,
                                    "count": 7277,
                                    "self": 0.5150254999998474,
                                    "children": {
                                        "TorchPolicy.evaluate": {
                                            "total": 25.77128970000066,
                                            "count": 7241,
                                            "self": 25.77128970000066
                                        }
                                    }
                                },
                                "workers": {
                                    "total": 0.08948900000028992,
                                    "count": 7276,
                                    "self": 0.0,
                                    "children": {
                                        "worker_root": {
                                            "total": 180.2949562000006,
                                            "count": 7276,
                                            "is_parallel": true,
                                            "self": 81.60855869999978,
                                            "children": {
                                                "steps_from_proto": {
                                                    "total": 0.0012948999999999877,
                                                    "count": 1,
                                                    "is_parallel": true,
                                                    "self": 0.0006515999999998634,