{"count":1,"self":2210.7578368,"total":6993.7827977,"children":{"InitializeActuators":{"count":30,"self":0.0019998,"total":0.0019998,"children":null},"InitializeSensors":{"count":30,"self":0.0020055,"total":0.0020055,"children":null},"AgentSendState":{"count":1224357,"self":35.950339199999995,"total":271.3056894,"children":{"CollectObservations":{"count":7346160,"self":105.31938559999999,"total":105.3193876,"children":null},"WriteActionMask":{"count":7346160,"self":4.1458059999999994,"total":4.1458059999999994,"children":null},"RequestDecision":{"count":7346160,"self":30.391875199999998,"total":125.8901557,"children":{"AgentInfo.ToProto":{"count":7346160,"self":17.9597968,"total":95.4982804,"children":{"GenerateSensorData":{"count":7346160,"self":77.5384832,"total":77.5384833,"children":null}}}}}}},"DecideAction":{"count":1224357,"self":4074.1986303999997,"total":4074.1986945999997,"children":null},"AgentAct":{"count":1224357,"self":437.19557119999996,"total":437.1955718,"children":null},"AgentInfo.ToProto":{"count":14746,"self":0.075128,"total":0.32094839999999997,"children":{"GenerateSensorData":{"count":14746,"self":0.2458204,"total":0.2458204,"children":null}}}},"gauges":{"My Behavior.CumulativeReward":{"count":14746,"max":2376.92334,"min":-996.5075,"runningAverage":1978.195,"value":2139.12354,"weightedAverage":2115.42578}},"metadata":{"timer_format_version":"0.1.0","start_time_seconds":"1711539781","unity_version":"2021.3.28f1","command_line_arguments":"C:\/Program Files\/Unity 2021.3.28f1\/Editor\/Unity.exe -projectpath D:\\Auto-Acation-AI-RPG-Game -useHub -hubIPC -cloudEnvironment production -licensingIpc LicenseClient-bob10 -hubSessionId 7054584f-ce23-4e1b-8778-0cad752a7a3f -accessToken L42s_ogB7aoGYrGK3RmKyJIYgJSVjU60pnT4UKvTORk01ef","communication_protocol_version":"1.5.0","com.unity.ml-agents_version":"2.0.1","scene_name":"CuteWalkman","end_time_seconds":"1711546774"}}