{"count":1,"self":4502.4067583999995,"total":4908.6956777999994,"children":{"InitializeActuators":{"count":30,"self":0.0019987,"total":0.0019987,"children":null},"InitializeSensors":{"count":30,"self":0.00099779999999999986,"total":0.00099779999999999986,"children":null},"AgentSendState":{"count":245157,"self":2.6277804,"total":37.010659499999996,"children":{"CollectObservations":{"count":1470960,"self":31.859004799999997,"total":31.8590043,"children":null},"WriteActionMask":{"count":1470960,"self":0.3802973,"total":0.3802973,"children":null},"RequestDecision":{"count":1470960,"self":2.1435776,"total":2.1435776,"children":null}}},"DecideAction":{"count":245157,"self":237.975296,"total":237.9752838,"children":null},"AgentAct":{"count":245157,"self":131.29982719999998,"total":131.2998332,"children":null}},"gauges":{"My Behavior.CumulativeReward":{"count":28665,"max":833.512451,"min":-17.6504745,"runningAverage":-3.19663143,"value":-15.82686,"weightedAverage":-9.611613}},"metadata":{"timer_format_version":"0.1.0","start_time_seconds":"1710693622","unity_version":"2021.3.28f1","command_line_arguments":"C:\\Program Files\\Unity\\Hub\\Editor\\2021.3.28f1\\Editor\\Unity.exe -projectpath D:\\project\\unity\\Auto-Acation-AI-RPG-Game -useHub -hubIPC -cloudEnvironment production -licensingIpc LicenseClient-vhan9 -hubSessionId 85c90795-1854-47c5-8f05-103827f97d03 -accessToken 7Zu9qawCHCVMVT4IMzv0j20vp2ar1ADHtd7swP__Oos01ef","communication_protocol_version":"1.5.0","com.unity.ml-agents_version":"2.0.1","scene_name":"Fightman","end_time_seconds":"1710698530"}}