{"count":1,"self":662.679808,"total":2389.5244337,"children":{"InitializeActuators":{"count":30,"self":0.0030022,"total":0.0030022,"children":null},"InitializeSensors":{"count":30,"self":0.0012843,"total":0.0012843,"children":null},"AgentSendState":{"count":462190,"self":4.0376243999999994,"total":79.37384449999999,"children":{"CollectObservations":{"count":2773140,"self":46.9812608,"total":46.981262099999995,"children":null},"WriteActionMask":{"count":2773140,"self":0.4976353,"total":0.4976353,"children":null},"RequestDecision":{"count":2773140,"self":2.9228836,"total":27.857322699999997,"children":{"AgentInfo.ToProto":{"count":2773140,"self":3.1003686,"total":24.934438999999998,"children":{"GenerateSensorData":{"count":2773140,"self":21.834070399999998,"total":21.834070399999998,"children":null}}}}}}},"DecideAction":{"count":462190,"self":1439.7353984,"total":1439.7354314,"children":null},"AgentAct":{"count":462190,"self":207.43641599999998,"total":207.4364104,"children":null},"AgentInfo.ToProto":{"count":14452,"self":0.061697999999999996,"total":0.2946548,"children":{"GenerateSensorData":{"count":14452,"self":0.2329568,"total":0.2329568,"children":null}}}},"gauges":{"My Behavior.CumulativeReward":{"count":14452,"max":692.4104,"min":-212.01947,"runningAverage":557.438538,"value":609.615234,"weightedAverage":609.5369}},"metadata":{"timer_format_version":"0.1.0","start_time_seconds":"1710848531","unity_version":"2021.3.28f1","command_line_arguments":"C:\\Program Files\\Unity\\Hub\\Editor\\2021.3.28f1\\Editor\\Unity.exe -projectpath D:\\project\\unity\\Auto-Acation-AI-RPG-Game -useHub -hubIPC -cloudEnvironment production -licensingIpc LicenseClient-vhan9 -hubSessionId c935fb45-b7e9-4c93-99df-309238a8e174 -accessToken qWARLGqOFzEI68Lm4rRL3hS2611ORAIoza9biW2BMnI01ef","communication_protocol_version":"1.5.0","com.unity.ml-agents_version":"2.0.1","scene_name":"robotwar","end_time_seconds":"1710850920"}}