{"count":1,"self":6121.6333823999994,"total":24359.2284684,"children":{"InitializeActuators":{"count":30,"self":0.0010000999999999999,"total":0.0010000999999999999,"children":null},"InitializeSensors":{"count":30,"self":0.0029999,"total":0.0029999,"children":null},"AgentSendState":{"count":4881033,"self":35.4350944,"total":907.20532389999994,"children":{"CollectObservations":{"count":29286210,"self":573.78698239999994,"total":573.7869985,"children":null},"WriteActionMask":{"count":29286210,"self":4.4358888,"total":4.4358888,"children":null},"RequestDecision":{"count":29286210,"self":27.238384,"total":293.5473437,"children":{"AgentInfo.ToProto":{"count":29286210,"self":26.7166416,"total":266.30896,"children":{"GenerateSensorData":{"count":29286210,"self":239.59232,"total":239.59231789999998,"children":null}}}}}}},"DecideAction":{"count":4881033,"self":15466.405888,"total":15466.4058491,"children":null},"AgentAct":{"count":4881033,"self":1854.6184191999998,"total":1854.6183211,"children":null},"AgentInfo.ToProto":{"count":502092,"self":2.1382288,"total":9.3605688999999987,"children":{"GenerateSensorData":{"count":502092,"self":7.22234,"total":7.22234,"children":null}}}},"gauges":{"My Behavior.CumulativeReward":{"count":502092,"max":380.811,"min":-1760.16589,"runningAverage":-21.6049156,"value":-37.3061447,"weightedAverage":-64.5474243}},"metadata":{"timer_format_version":"0.1.0","start_time_seconds":"1711138172","unity_version":"2021.3.28f1","command_line_arguments":"C:\\Program Files\\Unity\\Hub\\Editor\\2021.3.28f1\\Editor\\Unity.exe -projectpath D:\\project\\unity\\Auto-Acation-AI-RPG-Game -useHub -hubIPC -cloudEnvironment production -licensingIpc LicenseClient-vhan9 -hubSessionId aa936e8e-eaae-432d-b009-83577a6d62d0 -accessToken wBtM-YUTAkpx1JJogEH-lNr0AVT1h1CBpgYNwbK_pUg01ef","communication_protocol_version":"1.5.0","com.unity.ml-agents_version":"2.0.1","scene_name":"Walkman","end_time_seconds":"1711162531"}}