{"count":1,"self":352.7584,"total":382.3068495,"children":{"InitializeActuators":{"count":30,"self":0.0015310999999999999,"total":0.0015310999999999999,"children":null},"InitializeSensors":{"count":30,"self":0.0010096999999999999,"total":0.0010096999999999999,"children":null},"AgentSendState":{"count":6702,"self":0.0664603,"total":1.4168429,"children":{"CollectObservations":{"count":40230,"self":0.91694619999999993,"total":0.91694619999999993,"children":null},"WriteActionMask":{"count":40230,"self":0.0075436999999999995,"total":0.0075436999999999995,"children":null},"RequestDecision":{"count":40230,"self":0.0568128,"total":0.42589269999999996,"children":{"AgentInfo.ToProto":{"count":40230,"self":0.0444909,"total":0.36907989999999996,"children":{"GenerateSensorData":{"count":40230,"self":0.32458899999999996,"total":0.32458899999999996,"children":null}}}}}}},"DecideAction":{"count":6702,"self":23.323969599999998,"total":23.3239701,"children":null},"AgentAct":{"count":6702,"self":4.804088,"total":4.804088,"children":null}},"gauges":{},"metadata":{"timer_format_version":"0.1.0","start_time_seconds":"1709557712","unity_version":"2021.3.28f1","command_line_arguments":"C:\\Program Files\\Unity\\Hub\\Editor\\2021.3.28f1\\Editor\\Unity.exe -projectpath D:\\project\\unity\\Auto-Acation-AI-RPG-Game -useHub -hubIPC -cloudEnvironment production -licensingIpc LicenseClient-vhan9 -hubSessionId 0db4f6e1-8631-4d00-96de-436df4951956 -accessToken VHGEY6CQE-LA8c6mNSbyG7pumAQlHrGFAT1gLshJkQ801ef","communication_protocol_version":"1.5.0","com.unity.ml-agents_version":"2.0.1","scene_name":"Walkman","end_time_seconds":"1709558094"}}