{"count":1,"self":281.6846848,"total":1179.2978725,"children":{"InitializeActuators":{"count":15,"self":0.0024798,"total":0.0024798,"children":null},"InitializeSensors":{"count":15,"self":0.0021217,"total":0.0021217,"children":null},"AgentSendState":{"count":213401,"self":2.0922942,"total":29.312700699999997,"children":{"CollectObservations":{"count":640215,"self":16.9764656,"total":16.9764659,"children":null},"WriteActionMask":{"count":640215,"self":0.2783328,"total":0.2783328,"children":null},"RequestDecision":{"count":640215,"self":1.2109836,"total":9.965607799999999,"children":{"AgentInfo.ToProto":{"count":640215,"self":1.2747566,"total":8.7546242,"children":{"GenerateSensorData":{"count":640215,"self":7.4798671999999993,"total":7.4798675999999995,"children":null}}}}}}},"DecideAction":{"count":213401,"self":809.7747456,"total":809.77476259999992,"children":null},"AgentAct":{"count":213401,"self":58.385132799999994,"total":58.3851349,"children":null},"AgentInfo.ToProto":{"count":6389,"self":0.0247841,"total":0.1339908,"children":{"GenerateSensorData":{"count":6389,"self":0.10920669999999999,"total":0.10920669999999999,"children":null}}}},"gauges":{"My Behavior.CumulativeReward":{"count":6389,"max":9.578261E+19,"min":-3063.74634,"runningAverage":1.75917093E+16,"value":-40.3198624,"weightedAverage":-40.16156}},"metadata":{"timer_format_version":"0.1.0","start_time_seconds":"1709200139","unity_version":"2021.3.28f1","command_line_arguments":"C:\/Program Files\/Unity 2021.3.28f1\/Editor\/Unity.exe -projectpath C:\\Users\\CHANG\\OneDrive\\Desktop\\Unity\\AUTO-ACTION-AI-RPG-GAME -useHub -hubIPC -cloudEnvironment production -licensingIpc LicenseClient-aK0AyMW86ocZGZcGWLr7y -hubSessionId ab8ee251-b734-4057-b4d1-31f8a09f1294 -accessToken UK1ImcRux6fOlALN27U3tO_URn2Q_N1zIjDFjwu41p0011f","communication_protocol_version":"1.5.0","com.unity.ml-agents_version":"2.0.1","scene_name":"Walkman","end_time_seconds":"1709201319"}}