{"count":1,"self":5498.7706368,"total":22937.8564468,"children":{"InitializeActuators":{"count":30,"self":0.0019588,"total":0.0019588,"children":null},"InitializeSensors":{"count":30,"self":0.0009846,"total":0.0009846,"children":null},"AgentSendState":{"count":4557189,"self":40.250467199999996,"total":749.3054667,"children":{"CollectObservations":{"count":27343140,"self":426.70159359999997,"total":426.701581,"children":null},"WriteActionMask":{"count":27343140,"self":4.7594363999999993,"total":4.7594365,"children":null},"RequestDecision":{"count":27343140,"self":29.1163872,"total":277.59398269999997,"children":{"AgentInfo.ToProto":{"count":27343140,"self":30.2507232,"total":248.47759409999998,"children":{"GenerateSensorData":{"count":27343140,"self":218.2268672,"total":218.2268718,"children":null}}}}}}},"DecideAction":{"count":4557189,"self":14089.814016,"total":14089.8139481,"children":null},"AgentAct":{"count":4557189,"self":2597.6008704,"total":2597.6009301,"children":null},"AgentInfo.ToProto":{"count":139048,"self":0.47885469999999997,"total":2.3625175,"children":{"GenerateSensorData":{"count":139048,"self":1.8836628,"total":1.8836628,"children":null}}}},"gauges":{"My Behavior.CumulativeReward":{"count":139048,"max":810.8362,"min":-37.60282,"runningAverage":438.994141,"value":630.0999,"weightedAverage":629.386841}},"metadata":{"timer_format_version":"0.1.0","start_time_seconds":"1710222389","unity_version":"2021.3.28f1","command_line_arguments":"C:\\Program Files\\Unity\\Hub\\Editor\\2021.3.28f1\\Editor\\Unity.exe -projectpath D:\\project\\unity\\Auto-Acation-AI-RPG-Game -useHub -hubIPC -cloudEnvironment production -licensingIpc LicenseClient-vhan9 -hubSessionId 6f7e037d-bd83-4c74-b383-92db56032223 -accessToken Ee4-Ezp3FgcpugY64qQk8Y4wvFz1oUb1A24JGnftAcQ01ef","communication_protocol_version":"1.5.0","com.unity.ml-agents_version":"2.0.1","scene_name":"Walkman","end_time_seconds":"1710245327"}}