{
    "name": "root",
    "metadata": {
        "timer_format_version": "0.1.0",
        "start_time_seconds": "1709191594",
        "python_version": "3.9.13 (tags/v3.9.13:6de2ca5, May 17 2022, 16:36:42) [MSC v.1929 64 bit (AMD64)]",
        "command_line_arguments": "C:\\Users\\CHANG\\OneDrive\\Desktop\\Unity\\AUTO-ACTION-AI-RPG-GAME\\venv\\Scripts\\mlagents-learn --run-id=Test1",
        "mlagents_version": "0.30.0",
        "mlagents_envs_version": "0.30.0",
        "communication_protocol_version": "1.5.0",
        "pytorch_version": "2.2.1+cu118",
        "numpy_version": "1.21.2",
        "end_time_seconds": "1709192062"
    },
    "total": 468.05954859999997,
    "count": 1,
    "self": 0.011460899999974572,
    "children": {
        "run_training.setup": {
            "total": 0.07850829999999975,
            "count": 1,
            "self": 0.07850829999999975
        },
        "TrainerController.start_learning": {
            "total": 467.9695794,
            "count": 1,
            "self": 0.9225837000003025,
            "children": {
                "TrainerController._reset_env": {
                    "total": 9.9897647,
                    "count": 1,
                    "self": 9.9897647
                },
                "TrainerController.advance": {
                    "total": 456.72466339999966,
                    "count": 29832,
                    "self": 0.8399793999963094,
                    "children": {
                        "env_step": {
                            "total": 444.0582000000004,
                            "count": 29832,
                            "self": 281.0742545000007,
                            "children": {
                                "SubprocessEnvManager._take_step": {
                                    "total": 162.42012019999675,
                                    "count": 29832,
                                    "self": 3.207053299990605,
                                    "children": {
                                        "TorchPolicy.evaluate": {
                                            "total": 159.21306690000614,
                                            "count": 29537,
                                            "self": 159.21306690000614
                                        }
                                    }
                                },
                                "workers": {
                                    "total": 0.5638253000029643,
                                    "count": 29831,
                                    "self": 0.0,
                                    "children": {
                                        "worker_root": {
                                            "total": 433.64358070000185,
                                            "count": 29831,
                                            "is_parallel": true,
                                            "self": 219.36267450000148,
                                            "children": {
                                                "steps_from_proto": {
                                                    "total": 0.00559690000000046,
                                                    "count": 1,
                                                    "is_parallel": true,
                                                    "self": 0.0021306000000009817,
                                                    "children": {
                                                        "_process_rank_one_or_two_observation": {
                                                            "total": 0.003466299999999478,
                                                            "count": 2,
                                                            "is_parallel": true,
                                                            "self": 0.003466299999999478
                                                        }
                                                    }
                                                },
                                                "UnityEnvironment.step": {
                                                    "total": 214.27530930000037,
                                                    "count": 29831,
                                                    "is_parallel": true,
                                                    "self": 3.240600800001431,
                                                    "children": {
                                                        "UnityEnvironment._generate_step_input": {
                                                            "total": 3.704679000002036,
                                                            "count": 29831,
                                                            "is_parallel": true,
                                                            "self": 3.704679000002036
                                                        },
                                                        "communicator.exchange": {
                                                            "total": 197.66407179999922,
                                                            "count": 29831,
                                                            "is_parallel": true,
                                                            "self": 197.66407179999922
                                                        },
                                                        "steps_from_proto": {
                                                            "total": 9.665957699997671,
                                                            "count": 29831,
                                                            "is_parallel": true,
                                                            "self": 5.207097600001083,
                                                            "children": {
                                                                "_process_rank_one_or_two_observation": {
                                                                    "total": 4.458860099996588,
                                                                    "count": 59662,
                                                                    "is_parallel": true,
                                                                    "self": 4.458860099996588
                                                                }
                                                            }
                                                        }
                                                    }
                                                }
                                            }
                                        }
                                    }
                                }
                            }
                        },
                        "trainer_advance": {
                            "total": 11.826484000002958,
                            "count": 29831,
                            "self": 1.097127500002939,
                            "children": {
                                "process_trajectory": {
                                    "total": 4.561802700000012,
                                    "count": 29831,
                                    "self": 4.561802700000012
                                },
                                "_update_policy": {
                                    "total": 6.167553800000007,
                                    "count": 2,
                                    "self": 4.443308399999836,
                                    "children": {
                                        "TorchPPOOptimizer.update": {
                                            "total": 1.7242454000001715,
                                            "count": 60,