{
    "name": "root",
    "gauges": {
        "MyBehavior.Policy.Entropy.mean": {
            "value": 1.4318526983261108,
            "min": 1.4207367897033691,
            "max": 1.4318526983261108,
            "count": 10
        },
        "MyBehavior.Policy.Entropy.sum": {
            "value": 74227.2421875,
            "min": 68801.328125,
            "max": 74227.2421875,
            "count": 10
        },
        "MyBehavior.Step.mean": {
            "value": 499950.0,
            "min": 49950.0,
            "max": 499950.0,
            "count": 10
        },
        "MyBehavior.Step.sum": {
            "value": 499950.0,
            "min": 49950.0,
            "max": 499950.0,
            "count": 10
        },
        "MyBehavior.Policy.ExtrinsicValueEstimate.mean": {
            "value": 4.103665351867676,
            "min": -0.6708657741546631,
            "max": 4.103665351867676,
            "count": 10
        },
        "MyBehavior.Policy.ExtrinsicValueEstimate.sum": {
            "value": 4079.043212890625,
            "min": -664.1571044921875,
            "max": 4094.356689453125,
            "count": 10
        },
        "MyBehavior.Environment.EpisodeLength.mean": {
            "value": 199.0,
            "min": 199.0,
            "max": 199.125,
            "count": 10
        },
        "MyBehavior.Environment.EpisodeLength.sum": {
            "value": 47760.0,
            "min": 47760.0,
            "max": 53730.0,
            "count": 10
        },
        "MyBehavior.Environment.CumulativeReward.mean": {
            "value": 11.260038699282974,
            "min": -5.417229884397239,
            "max": 11.260038699282974,
            "count": 10
        },
        "MyBehavior.Environment.CumulativeReward.sum": {
            "value": 2747.449442625046,
            "min": -1300.1351722553372,
            "max": 2904.7687787264585,
            "count": 10
        },
        "MyBehavior.Policy.ExtrinsicReward.mean": {
            "value": 11.260038699282974,
            "min": -5.417229884397239,
            "max": 11.260038699282974,
            "count": 10
        },
        "MyBehavior.Policy.ExtrinsicReward.sum": {
            "value": 2747.449442625046,
            "min": -1300.1351722553372,
            "max": 2904.7687787264585,
            "count": 10
        },
        "MyBehavior.Losses.PolicyLoss.mean": {
            "value": 0.022400417986346205,
            "min": 0.0221681061476843,
            "max": 0.02595315727971452,
            "count": 10
        },
        "MyBehavior.Losses.PolicyLoss.sum": {
            "value": 0.08960167194538482,
            "min": 0.0886724245907372,
            "max": 0.11619572618545852,
            "count": 10
        },
        "MyBehavior.Losses.ValueLoss.mean": {
            "value": 0.6484166476311105,
            "min": 0.287398672239347,
            "max": 0.6484166476311105,
            "count": 10
        },
        "MyBehavior.Losses.ValueLoss.sum": {
            "value": 2.593666590524442,
            "min": 1.149594688957388,
            "max": 2.593666590524442,
            "count": 10
        },
        "MyBehavior.Policy.LearningRate.mean": {
            "value": 1.5726094758000005e-05,
            "min": 1.5726094758000005e-05,
            "max": 0.00028212600595799994,
            "count": 10
        },
        "MyBehavior.Policy.LearningRate.sum": {
            "value": 6.290437903200002e-05,
            "min": 6.290437903200002e-05,
            "max": 0.0011285040238319998,
            "count": 10
        },
        "MyBehavior.Policy.Epsilon.mean": {
            "value": 0.10524200000000002,
            "min": 0.10524200000000002,
            "max": 0.194042,
            "count": 10
        },
        "MyBehavior.Policy.Epsilon.sum": {
            "value": 0.42096800000000006,
            "min": 0.42096800000000006,
            "max": 0.776168,
            "count": 10
        },
        "MyBehavior.Policy.Beta.mean": {
            "value": 0.00027157580000000014,
            "min": 0.00027157580000000014,
            "max": 0.0047026958,
            "count": 10
        },
        "MyBehavior.Policy.Beta.sum": {
            "value": 0.0010863032000000006,
            "min": 0.0010863032000000006,
            "max": 0.0188107832,
            "count": 10
        },
        "MyBehavior.IsTraining.mean": {
            "value": 1.0,
            "min": 1.0,
            "max": 1.0,
            "count": 10
        },
        "MyBehavior.IsTraining.sum": {
            "value": 1.0,
            "min": 1.0,
            "max": 1.0,
            "count": 10
        }
    },
    "metadata": {
        "timer_format_version": "0.1.0",
        "start_time_seconds": "1710168836",
        "python_version": "3.9.13 (tags/v3.9.13:6de2ca5, May 17 2022, 16:36:42) [MSC v.1929 64 bit (AMD64)]",
        "command_line_arguments": "D:\\project\\unity\\Auto-Acation-AI-RPG-Game\\venv\\Scripts\\mlagents-learn --run-id=walk12",
        "mlagents_version": "0.30.0",
        "mlagents_envs_version": "0.30.0",
        "communication_protocol_version": "1.5.0",
        "pytorch_version": "2.2.1+cu118",
        "numpy_version": "1.21.2",
        "end_time_seconds": "1710169258"
    },
    "total": 422.2429706,
    "count": 1,
    "self": 0.007520899999974517,
    "children": {
        "run_training.setup": {
            "total": 0.025910300000000053,
            "count": 1,
            "self": 0.025910300000000053
        },
        "TrainerController.start_learning": {
            "total": 422.2095394,
            "count": 1,
            "self": 0.2851486000023442,
            "children": {
                "TrainerController._reset_env": {
                    "total": 7.4208251,
                    "count": 1,
                    "self": 7.4208251
                },
                "TrainerController.advance": {
                    "total": 414.4334778999976,
                    "count": 16812,
                    "self": 0.3542679999961251,
                    "children": {
                        "env_step": {
                            "total": 316.7801200000006,
                            "count": 16812,
                            "self": 255.28333340000268,
                            "children": {
                                "SubprocessEnvManager._take_step": {
                                    "total": 61.28952379999818,
                                    "count": 16812,
                                    "self": 1.2449306999989176,
                                    "children": {
                                        "TorchPolicy.evaluate": {
                                            "total": 60.04459309999926,
                                            "count": 16729,
                                            "self": 60.04459309999926
                                        }
                                    }
                                },
                                "workers": {
                                    "total": 0.20726279999971453,
                                    "count": 16812,
                                    "self": 0.0,
                                    "children": {
                                        "worker_root": {
                                            "total": 416.2978012999966,
                                            "count": 16812,
                                            "is_parallel": true,
                                            "self": 186.76352159999837,
                                            "children": {
                                                "steps_from_proto": {
                                                    "total": 0.0009556000000001674,
                                                    "count": 1,
                                                    "is_parallel": true,
                                                    "self": 0.000306900000000887,