{
    "name": "root",
    "gauges": {
        "MyBehavior.Policy.Entropy.mean": {
            "value": 1.4338129758834839,
            "min": 1.4155669212341309,
            "max": 1.4338129758834839,
            "count": 7
        },
        "MyBehavior.Policy.Entropy.sum": {
            "value": 72350.203125,
            "min": 70226.8125,
            "max": 72350.203125,
            "count": 7
        },
        "MyBehavior.Step.mean": {
            "value": 349963.0,
            "min": 49963.0,
            "max": 349963.0,
            "count": 7
        },
        "MyBehavior.Step.sum": {
            "value": 349963.0,
            "min": 49963.0,
            "max": 349963.0,
            "count": 7
        },
        "MyBehavior.Policy.ExtrinsicValueEstimate.mean": {
            "value": 68.650634765625,
            "min": -6.728896617889404,
            "max": 68.650634765625,
            "count": 7
        },
        "MyBehavior.Policy.ExtrinsicValueEstimate.sum": {
            "value": 68513.3359375,
            "min": -6715.43896484375,
            "max": 68513.3359375,
            "count": 7
        },
        "MyBehavior.Environment.EpisodeLength.mean": {
            "value": 99.0,
            "min": 99.0,
            "max": 99.43610547667343,
            "count": 7
        },
        "MyBehavior.Environment.EpisodeLength.sum": {
            "value": 49005.0,
            "min": 49005.0,
            "max": 50490.0,
            "count": 7
        },
        "MyBehavior.Environment.CumulativeReward.mean": {
            "value": 191337.1803338124,
            "min": -47.729313109515886,
            "max": 593419.8553886741,
            "count": 7
        },
        "MyBehavior.Environment.CumulativeReward.sum": {
            "value": 94903241.44557095,
            "min": -23530.551362991333,
            "max": 293742828.4173937,
            "count": 7
        },
        "MyBehavior.Policy.ExtrinsicReward.mean": {
            "value": 191337.1803338124,
            "min": -47.729313109515886,
            "max": 593419.8553886741,
            "count": 7
        },
        "MyBehavior.Policy.ExtrinsicReward.sum": {
            "value": 94903241.44557095,
            "min": -23530.551362991333,
            "max": 293742828.4173937,
            "count": 7
        },
        "MyBehavior.Losses.PolicyLoss.mean": {
            "value": 0.023937253009353298,
            "min": 0.019597094669006766,
            "max": 0.026980401466911035,
            "count": 7
        },
        "MyBehavior.Losses.PolicyLoss.sum": {
            "value": 0.1196862650467665,
            "min": 0.07838837867602706,
            "max": 0.13490200733455518,
            "count": 7
        },
        "MyBehavior.Losses.ValueLoss.mean": {
            "value": 1077396855306.0703,
            "min": 42.42859428405762,
            "max": 12517074589673.008,
            "count": 7
        },
        "MyBehavior.Losses.ValueLoss.sum": {
            "value": 5386984276530.352,
            "min": 212.1429714202881,
            "max": 50068298358692.03,
            "count": 7
        },
        "MyBehavior.Policy.LearningRate.mean": {
            "value": 0.00010469106510299997,
            "min": 0.00010469106510299997,
            "max": 0.00028424100525299993,
            "count": 7
        },
        "MyBehavior.Policy.LearningRate.sum": {
            "value": 0.0005234553255149999,
            "min": 0.0005234553255149999,
            "max": 0.0012794550735150006,
            "count": 7
        },
        "MyBehavior.Policy.Epsilon.mean": {
            "value": 0.134897,
            "min": 0.134897,
            "max": 0.194747,
            "count": 7
        },
        "MyBehavior.Policy.Epsilon.sum": {
            "value": 0.674485,
            "min": 0.6193880000000002,
            "max": 0.9264850000000001,
            "count": 7
        },
        "MyBehavior.Policy.Beta.mean": {
            "value": 0.0017513602999999999,
            "min": 0.0017513602999999999,
            "max": 0.0047378753,
            "count": 7
        },
        "MyBehavior.Policy.Beta.sum": {
            "value": 0.0087568015,
            "min": 0.0087568015,
            "max": 0.0213316015,
            "count": 7
        },
        "MyBehavior.IsTraining.mean": {
            "value": 1.0,
            "min": 1.0,
            "max": 1.0,
            "count": 7
        },
        "MyBehavior.IsTraining.sum": {
            "value": 1.0,
            "min": 1.0,
            "max": 1.0,
            "count": 7
        }
    },
    "metadata": {
        "timer_format_version": "0.1.0",
        "start_time_seconds": "1709194069",
        "python_version": "3.9.13 (tags/v3.9.13:6de2ca5, May 17 2022, 16:36:42) [MSC v.1929 64 bit (AMD64)]",
        "command_line_arguments": "C:\\Users\\CHANG\\OneDrive\\Desktop\\Unity\\AUTO-ACTION-AI-RPG-GAME\\venv\\Scripts\\mlagents-learn --run-id=train_walking2",
        "mlagents_version": "0.30.0",
        "mlagents_envs_version": "0.30.0",
        "communication_protocol_version": "1.5.0",
        "pytorch_version": "2.2.1+cu118",
        "numpy_version": "1.21.2",
        "end_time_seconds": "1709194935"
    },
    "total": 865.4799576,
    "count": 1,
    "self": 0.015829500000108965,
    "children": {
        "run_training.setup": {
            "total": 0.03804649999999965,
            "count": 1,
            "self": 0.03804649999999965
        },
        "TrainerController.start_learning": {
            "total": 865.4260816,
            "count": 1,
            "self": 0.7448611000003211,
            "children": {
                "TrainerController._reset_env": {
                    "total": 7.5905086,
                    "count": 1,
                    "self": 7.5905086
                },
                "TrainerController.advance": {
                    "total": 856.8806627999995,
                    "count": 23711,
                    "self": 0.8145465999969019,
                    "children": {
                        "env_step": {
                            "total": 716.1167356999986,
                            "count": 23711,
                            "self": 585.1576996000105,
                            "children": {
                                "SubprocessEnvManager._take_step": {
                                    "total": 130.45061109999276,
                                    "count": 23711,
                                    "self": 2.9044855999953825,
                                    "children": {
                                        "TorchPolicy.evaluate": {
                                            "total": 127.54612549999737,
                                            "count": 23477,
                                            "self": 127.54612549999737
                                        }
                                    }
                                },
                                "workers": {
                                    "total": 0.5084249999953911,
                                    "count": 23710,
                                    "self": 0.0,
                                    "children": {
                                        "worker_root": {
                                            "total": 858.3359440999983,
                                            "count": 23710,
                                            "is_parallel": true,
                                            "self": 324.3544125999995,
                                            "children": {
                                                "steps_from_proto": {
                                                    "total": 0.0016242000000001866,
                                                    "count": 1,
                                                    "is_parallel": true,
                                                    "self": 0.0006073000000004214,