{
    "name": "root",
    "gauges": {
        "MyBehavior.Policy.Entropy.mean": {
            "value": 1.421752691268921,
            "min": 1.421752691268921,
            "max": 1.421752691268921,
            "count": 1
        },
        "MyBehavior.Policy.Entropy.sum": {
            "value": 72552.0390625,
            "min": 72552.0390625,
            "max": 72552.0390625,
            "count": 1
        },
        "MyBehavior.Environment.EpisodeLength.mean": {
            "value": 49.029411764705884,
            "min": 49.029411764705884,
            "max": 49.029411764705884,
            "count": 1
        },
        "MyBehavior.Environment.EpisodeLength.sum": {
            "value": 50010.0,
            "min": 50010.0,
            "max": 50010.0,
            "count": 1
        },
        "MyBehavior.Step.mean": {
            "value": 49980.0,
            "min": 49980.0,
            "max": 49980.0,
            "count": 1
        },
        "MyBehavior.Step.sum": {
            "value": 49980.0,
            "min": 49980.0,
            "max": 49980.0,
            "count": 1
        },
        "MyBehavior.Policy.ExtrinsicValueEstimate.mean": {
            "value": 1.1489143371582031,
            "min": 1.1489143371582031,
            "max": 1.1489143371582031,
            "count": 1
        },
        "MyBehavior.Policy.ExtrinsicValueEstimate.sum": {
            "value": 1147.765380859375,
            "min": 1147.765380859375,
            "max": 1147.765380859375,
            "count": 1
        },
        "MyBehavior.Environment.CumulativeReward.mean": {
            "value": 5.2088896948415355,
            "min": 5.2088896948415355,
            "max": 5.2088896948415355,
            "count": 1
        },
        "MyBehavior.Environment.CumulativeReward.sum": {
            "value": 5203.680805146694,
            "min": 5203.680805146694,
            "max": 5203.680805146694,
            "count": 1
        },
        "MyBehavior.Policy.ExtrinsicReward.mean": {
            "value": 5.2088896948415355,
            "min": 5.2088896948415355,
            "max": 5.2088896948415355,
            "count": 1
        },
        "MyBehavior.Policy.ExtrinsicReward.sum": {
            "value": 5203.680805146694,
            "min": 5203.680805146694,
            "max": 5203.680805146694,
            "count": 1
        },
        "MyBehavior.Losses.PolicyLoss.mean": {
            "value": 0.022151927310430135,
            "min": 0.022151927310430135,
            "max": 0.022151927310430135,
            "count": 1
        },
        "MyBehavior.Losses.PolicyLoss.sum": {
            "value": 0.08860770924172054,
            "min": 0.08860770924172054,
            "max": 0.08860770924172054,
            "count": 1
        },
        "MyBehavior.Losses.ValueLoss.mean": {
            "value": 1.8836686452229818,
            "min": 1.8836686452229818,
            "max": 1.8836686452229818,
            "count": 1
        },
        "MyBehavior.Losses.ValueLoss.sum": {
            "value": 7.534674580891927,
            "min": 7.534674580891927,
            "max": 7.534674580891927,
            "count": 1
        },
        "MyBehavior.Policy.LearningRate.mean": {
            "value": 0.000284232005256,
            "min": 0.000284232005256,
            "max": 0.000284232005256,
            "count": 1
        },
        "MyBehavior.Policy.LearningRate.sum": {
            "value": 0.001136928021024,
            "min": 0.001136928021024,
            "max": 0.001136928021024,
            "count": 1
        },
        "MyBehavior.Policy.Epsilon.mean": {
            "value": 0.194744,
            "min": 0.194744,
            "max": 0.194744,
            "count": 1
        },
        "MyBehavior.Policy.Epsilon.sum": {
            "value": 0.778976,
            "min": 0.778976,
            "max": 0.778976,
            "count": 1
        },
        "MyBehavior.Policy.Beta.mean": {
            "value": 0.0047377256,
            "min": 0.0047377256,
            "max": 0.0047377256,
            "count": 1
        },
        "MyBehavior.Policy.Beta.sum": {
            "value": 0.0189509024,
            "min": 0.0189509024,
            "max": 0.0189509024,
            "count": 1
        },
        "MyBehavior.IsTraining.mean": {
            "value": 1.0,
            "min": 1.0,
            "max": 1.0,
            "count": 1
        },
        "MyBehavior.IsTraining.sum": {
            "value": 1.0,
            "min": 1.0,
            "max": 1.0,
            "count": 1
        }
    },
    "metadata": {
        "timer_format_version": "0.1.0",
        "start_time_seconds": "1710167658",
        "python_version": "3.9.13 (tags/v3.9.13:6de2ca5, May 17 2022, 16:36:42) [MSC v.1929 64 bit (AMD64)]",
        "command_line_arguments": "D:\\project\\unity\\Auto-Acation-AI-RPG-Game\\venv\\Scripts\\mlagents-learn --run-id=walk11",
        "mlagents_version": "0.30.0",
        "mlagents_envs_version": "0.30.0",
        "communication_protocol_version": "1.5.0",
        "pytorch_version": "2.2.1+cu118",
        "numpy_version": "1.21.2",
        "end_time_seconds": "1710167921"
    },
    "total": 263.3885586,
    "count": 1,
    "self": 0.0037669000000164488,
    "children": {
        "run_training.setup": {
            "total": 0.023651599999999995,
            "count": 1,
            "self": 0.023651599999999995
        },
        "TrainerController.start_learning": {
            "total": 263.3611401,
            "count": 1,
            "self": 0.03670110000001614,
            "children": {
                "TrainerController._reset_env": {
                    "total": 6.923922300000001,
                    "count": 1,
                    "self": 6.923922300000001
                },
                "TrainerController.advance": {
                    "total": 256.27436079999995,
                    "count": 2193,
                    "self": 0.047046499999908065,
                    "children": {
                        "env_step": {
                            "total": 243.1682335,
                            "count": 2193,
                            "self": 234.57672809999985,
                            "children": {
                                "SubprocessEnvManager._take_step": {
                                    "total": 8.564260000000125,
                                    "count": 2193,
                                    "self": 0.16449570000020053,
                                    "children": {
                                        "TorchPolicy.evaluate": {
                                            "total": 8.399764299999925,
                                            "count": 2151,
                                            "self": 8.399764299999925
                                        }
                                    }
                                },
                                "workers": {
                                    "total": 0.027245400000035502,
                                    "count": 2192,
                                    "self": 0.0,
                                    "children": {
                                        "worker_root": {
                                            "total": 168.95729649999984,
                                            "count": 2192,
                                            "is_parallel": true,
                                            "self": 27.244531499999994,
                                            "children": {
                                                "steps_from_proto": {
                                                    "total": 0.0007277999999999452,
                                                    "count": 1,
                                                    "is_parallel": true,
                                                    "self": 0.00023119999999998697,